"","iso_code","date","new_cases_smoothed","icu_patients_7","hosp_patients_7","reproduction_rate_7","new_tests_smoothed_7","positive_rate_7","total_vaccinations_7","people_vaccinated_7","people_fully_vaccinated_7","new_vaccinations_smoothed_7","icu_patients_14","hosp_patients_14","reproduction_rate_14","new_tests_smoothed_14","positive_rate_14","total_vaccinations_14","people_vaccinated_14","people_fully_vaccinated_14","new_vaccinations_smoothed_14","new_people_vaccinated_7","new_people_vaccinated_14","new_people_fully_vaccinated_7","new_people_fully_vaccinated_14"
"1","USA","2020-12-28",183118.286,26431,114648,0.97,1801060,0.121,1580566,1542481,8471,222279,25560,109689,1.06,1819614,0.121,24613,21475,3738,4292,374106,4163,1132,89
"2","USA","2020-12-29",183122,26730,117527,0.96,1807135,0.119,2028739,1982163,10891,279363,25812,110996,1.05,1823913,0.12,73196,67870,3921,26438,439682,46395,2420,183
"3","USA","2020-12-30",182606.571,26928,118105,0.94,1835979,0.116,2600499,2542529,12901,338380,25974,112009,1.04,1817165,0.122,231839,221102,4287,70506,560366,153232,2010,366
"4","USA","2020-12-31",190261.714,26714,116273,0.92,1812928,0.115,2796129,2733363,13791,327706,25894,112445,1.03,1798720,0.123,502188,484471,4819,120467,190834,263369,890,532
"5","USA","2021-01-01",198366.143,26559,113495,0.91,1678109,0.112,2808758,2745861,13875,270497,25950,112114,1.02,1793763,0.124,915277,889080,5769,178991,12498,404609,84,950
"6","USA","2021-01-02",209503,26734,115520,0.94,1575440,0.121,2949717,2883922,14467,264807,25805,111086,0.99,1792200,0.123,1096070,1066137,6705,179292,138061,177057,592,936
"7","USA","2021-01-03",216447.857,27063,118987,0.97,1528256,0.122,3045732,2977127,15023,263652,26057,112401,0.98,1796111,0.122,1200171,1168375,7339,168550,93205,102238,556,634
"8","USA","2021-01-04",218552.286,27519,121424,1,1494357,0.123,3632337,3551936,18005,293110,26431,114648,0.97,1801060,0.121,1580566,1542481,8471,222279,574809,374106,2982,1132
"9","USA","2021-01-05",222838.286,27782,122664,1.02,1476969,0.124,4348272,4251306,22131,331362,26730,117527,0.96,1807135,0.119,2028739,1982163,10891,279363,699370,439682,4126,2420
"10","USA","2021-01-06",227774.286,27697,123921,1.04,1464052,0.125,5184992,5071656,28081,369213,26928,118105,0.94,1835979,0.116,2600499,2542529,12901,338380,820350,560366,5950,2010
"11","USA","2021-01-07",232038.286,27748,123346,1.06,1468644,0.13,5604886,5483129,30812,401251,26714,116273,0.92,1812928,0.115,2796129,2733363,13791,327706,411473,190834,2731,890
"12","USA","2021-01-08",251815.143,27471,121053,1.07,1493769,0.133,5687353,5559094,36050,411228,26559,113495,0.91,1678109,0.112,2808758,2745861,13875,270497,75965,12498,5238,84
"13","USA","2021-01-09",246467.429,27614,122668,1.1,1510746,0.139,5948470,5811663,38614,428393,26734,115520,0.94,1575440,0.121,2949717,2883922,14467,264807,252569,138061,2564,592
"14","USA","2021-01-10",247836,28006,125595,1.1,1524685,0.142,6085288,5941348,40944,434222,27063,118987,0.97,1528256,0.122,3045732,2977127,15023,263652,129685,93205,2330,556
"15","USA","2021-01-11",252023.429,28266,127426,1.1,1540007,0.142,6734569,6533310,85694,443176,27519,121424,1,1494357,0.123,3632337,3551936,18005,293110,591962,574809,44750,2982
"16","USA","2021-01-12",250188,28528,128858,1.1,1553104,0.143,7557675,7257752,172846,458486,27782,122664,1.02,1476969,0.124,4348272,4251306,22131,331362,724442,699370,87152,4126
"17","USA","2021-01-13",246342,28608,129805,1.11,1572538,0.145,8570828,8084187,343568,483691,27697,123921,1.04,1464052,0.125,5184992,5071656,28081,369213,826435,820350,170722,5950
"18","USA","2021-01-14",239185.143,28491,128819,1.11,1620297,0.143,9730855,8945511,621361,589424,27748,123346,1.06,1468644,0.13,5604886,5483129,30812,401251,861324,411473,277793,2731
"19","USA","2021-01-15",231072.429,28365,127893,1.1,1748152,0.144,10956978,9787309,981383,752804,27471,121053,1.07,1493769,0.133,5687353,5559094,36050,411228,841798,75965,360022,5238
"20","USA","2021-01-16",223781.429,28187,126426,1.07,1834457,0.134,11462193,10155658,1109171,787675,27614,122668,1.1,1510746,0.139,5948470,5811663,38614,428393,368349,252569,127788,2564
"21","USA","2021-01-17",218585.429,28370,126538,1.04,1851334,0.134,11710927,10330684,1177899,803663,28006,125595,1.1,1524685,0.142,6085288,5941348,40944,434222,175026,129685,68728,2330
"22","USA","2021-01-18",208394.571,28739,127639,1.02,1868714,0.135,12775168,11052095,1499407,862943,28266,127426,1.1,1540007,0.142,6734569,6533310,85694,443176,721411,591962,321508,44750
"23","USA","2021-01-19",200819.571,28891,127090,0.99,1878241,0.133,14023436,11962600,1812864,923680,28528,128858,1.1,1553104,0.143,7557675,7257752,172846,458486,910505,724442,313457,87152
"24","USA","2021-01-20",194503,28734,126585,0.96,1846607,0.133,15340125,12988932,2082942,967042,28608,129805,1.11,1572538,0.145,8570828,8084187,343568,483691,1026332,826435,270078,170722
"25","USA","2021-01-21",187842,28527,133268,0.94,1820296,0.131,16645458,14140090,2217217,987800,28491,128819,1.11,1620297,0.143,9730855,8945511,621361,589424,1151158,861324,134275,277793
"26","USA","2021-01-22",179707.571,28422,123790,0.92,1803915,0.128,17903377,15261682,2336542,992343,28365,127893,1.1,1748152,0.144,10956978,9787309,981383,752804,1121592,841798,119325,360022
"27","USA","2021-01-23",174870.143,28120,121139,0.9,1785115,0.125,18556812,15833123,2407881,1013517,28187,126426,1.07,1834457,0.134,11462193,10155658,1109171,787675,571441,368349,71339,127788
"28","USA","2021-01-24",169329.714,27891,120835,0.88,1771843,0.123,18863350,16090440,2449718,1021775,28370,126538,1.04,1851334,0.134,11710927,10330684,1177899,803663,257317,175026,41837,68728
"29","USA","2021-01-25",169641,27831,120422,0.87,1738688,0.12,19745161,16728814,2676986,995713,28739,127639,1.02,1868714,0.135,12775168,11052095,1499407,862943,638374,721411,227268,321508
"30","USA","2021-01-26",166623.429,27584,119383,0.86,1707639,0.118,21089739,17700138,3027937,1009472,28891,127090,0.99,1878241,0.133,14023436,11962600,1812864,923680,971324,910505,350951,313457
"31","USA","2021-01-27",162338.571,27003,117143,0.85,1711446,0.114,22707538,18875250,3446299,1052488,28734,126585,0.96,1846607,0.133,15340125,12988932,2082942,967042,1175112,1026332,418362,270078
"32","USA","2021-01-28",158707,26517,114100,0.85,1707807,0.11,24347753,20220573,3717748,1100328,28527,133268,0.94,1820296,0.131,16645458,14140090,2217217,987800,1345323,1151158,271449,134275
"33","USA","2021-01-29",155478,26006,111835,0.85,1691683,0.106,25965363,21611058,3923168,1151712,28422,123790,0.92,1803915,0.128,17903377,15261682,2336542,992343,1390485,1121592,205420,119325
"34","USA","2021-01-30",151263.714,25364,108126,0.85,1686231,0.104,26870395,22354380,4070893,1187655,28120,121139,0.9,1785115,0.125,18556812,15833123,2407881,1013517,743322,571441,147725,71339
"35","USA","2021-01-31",148054.143,25121,107008,0.85,1676601,0.101,27266264,22656650,4157648,1200416,27891,120835,0.88,1771843,0.123,18863350,16090440,2449718,1021775,302270,257317,86755,41837
"36","USA","2021-02-01",146149.857,25003,106268,0.85,1668814,0.102,28630691,23516054,4639001,1269361,27831,120422,0.87,1738688,0.12,19745161,16728814,2676986,995713,859404,638374,481353,227268
"37","USA","2021-02-02",141850,24897,104627,0.85,1665166,0.1,30280546,24568839,5210634,1312972,27584,119383,0.86,1707639,0.118,21089739,17700138,3027937,1009472,1052785,971324,571633,350951
"38","USA","2021-02-03",137244,24360,102664,0.84,1655465,0.098,32197422,25817760,5847673,1355698,27003,117143,0.85,1711446,0.114,22707538,18875250,3446299,1052488,1248921,1175112,637039,418362
"39","USA","2021-02-04",131144.714,23786,100052,0.84,1634816,0.097,34145736,27186374,6394420,1399712,26517,114100,0.85,1707807,0.11,24347753,20220573,3717748,1100328,1368614,1345323,546747,271449
"40","USA","2021-02-05",126073.714,23121,96111,0.84,1623050,0.096,36049661,28559758,6878700,1440614,26006,111835,0.85,1691683,0.106,25965363,21611058,3923168,1151712,1373384,1390485,484280,205420
"41","USA","2021-02-06",121214.143,22708,92548,0.83,1607209,0.094,37069029,29323686,7117346,1456948,25364,108126,0.85,1686231,0.104,26870395,22354380,4070893,1187655,763928,743322,238646,147725
"42","USA","2021-02-07",117832.571,22503,91438,0.83,1599328,0.093,37530144,29650385,7241619,1466269,25121,107008,0.85,1676601,0.101,27266264,22656650,4157648,1200416,326699,302270,124273,86755
"43","USA","2021-02-08",111558.571,22230,90582,0.83,1571286,0.093,38885871,30412052,7800183,1465026,25003,106268,0.85,1668814,0.102,28630691,23516054,4639001,1269361,761667,859404,558564,481353
"44","USA","2021-02-09",108717,21767,89004,0.81,1550934,0.091,40562174,31374032,8484489,1468804,24897,104627,0.85,1665166,0.1,30280546,24568839,5210634,1312972,961980,1052785,684306,571633
"45","USA","2021-02-10",104824.714,21406,87290,0.8,1524238,0.09,42687261,32636479,9305014,1498548,24360,102664,0.84,1655465,0.098,32197422,25817760,5847673,1355698,1262447,1248921,820525,637039
"46","USA","2021-02-11",102279.857,20872,84604,0.79,1528799,0.086,45014387,34026972,10201401,1552664,23786,100052,0.84,1634816,0.097,34145736,27186374,6394420,1399712,1390493,1368614,896387,546747
"47","USA","2021-02-12",97778,20354,82139,0.79,1528469,0.082,47361706,35391213,11142899,1616006,23121,96111,0.84,1623050,0.096,36049661,28559758,6878700,1440614,1364241,1373384,941498,484280
"48","USA","2021-02-13",94612.143,19863,79113,0.79,1514471,0.08,48656374,36246673,11559273,1655335,22708,92548,0.83,1607209,0.094,37069029,29323686,7117346,1456948,855460,763928,416374,238646
"49","USA","2021-02-14",91012.286,19377,77866,0.79,1497983,0.079,49103920,36526915,11714083,1653397,22503,91438,0.83,1599328,0.093,37530144,29650385,7241619,1466269,280242,326699,154810,124273
"50","USA","2021-02-15",86543.857,19328,76870,0.78,1499678,0.074,50671509,37364932,12409687,1683663,22230,90582,0.83,1571286,0.093,38885871,30412052,7800183,1465026,838017,761667,695604,558564
"51","USA","2021-02-16",81509.714,18929,75626,0.78,1508425,0.072,52631937,38406601,13289775,1724252,21767,89004,0.81,1550934,0.091,40562174,31374032,8484489,1468804,1041669,961980,880088,684306
"52","USA","2021-02-17",77819.714,18316,72859,0.77,1475768,0.071,54922526,39634544,14313366,1747895,21406,87290,0.8,1524238,0.09,42687261,32636479,9305014,1498548,1227943,1262447,1023591,820525
"53","USA","2021-02-18",72840.571,17714,70110,0.77,1402566,0.073,57313899,40908857,15390350,1757073,20872,84604,0.79,1528799,0.086,45014387,34026972,10201401,1552664,1274313,1390493,1076984,896387
"54","USA","2021-02-19",69742.571,17334,67539,0.76,1342745,0.073,59884560,42289082,16534261,1788979,20354,82139,0.79,1528469,0.082,47361706,35391213,11142899,1616006,1380225,1364241,1143911,941498
"55","USA","2021-02-20",67532.571,16865,64762,0.76,1309564,0.072,61353088,43154232,17105182,1813816,19863,79113,0.79,1514471,0.08,48656374,36246673,11559273,1655335,865150,855460,570921,416374
"56","USA","2021-02-21",66311.857,16350,63300,0.75,1285956,0.071,61944193,43501561,17332879,1834325,19377,77866,0.79,1497983,0.079,49103920,36526915,11714083,1653397,347329,280242,227697,154810
"57","USA","2021-02-22",66409.714,16227,62214,0.74,1250666,0.069,63117622,44117930,17860853,1778016,19328,76870,0.78,1499678,0.074,50671509,37364932,12409687,1683663,616369,838017,527974,695604
"58","USA","2021-02-23",68232.143,15921,61504,0.74,1187015,0.069,64734153,44918755,18640415,1728888,18929,75626,0.78,1508425,0.072,52631937,38406601,13289775,1724252,800825,1041669,779562,880088
"59","USA","2021-02-24",68940.571,15579,62253,0.75,1162559,0.067,66688675,45850449,19625865,1680878,18316,72859,0.77,1475768,0.071,54922526,39634544,14313366,1747895,931694,1227943,985450,1023591
"60","USA","2021-02-25",69895.857,15024,58309,0.77,1161903,0.063,68536582,46685225,20592712,1603240,17714,70110,0.77,1402566,0.073,57313899,40908857,15390350,1757073,834776,1274313,966847,1076984
"61","USA","2021-02-26",69926.714,14492,56739,0.79,1153379,0.06,70496097,47518140,21675417,1515934,17334,67539,0.76,1342745,0.073,59884560,42289082,16534261,1788979,832915,1380225,1082705,1143911
"62","USA","2021-02-27",68841.429,14111,54402,0.82,1147129,0.059,71800113,48124209,22344787,1492432,16865,64762,0.76,1309564,0.072,61353088,43154232,17105182,1813816,606069,865150,669370,570921
"63","USA","2021-02-28",67993,13724,53615,0.84,1149947,0.058,72392911,48383576,22661070,1492674,16350,63300,0.75,1285956,0.071,61944193,43501561,17332879,1834325,259367,347329,316283,227697
"64","USA","2021-03-01",67992.714,13671,53026,0.85,1184462,0.056,73847614,49013116,23446775,1532856,16227,62214,0.74,1250666,0.069,63117622,44117930,17860853,1778016,629540,616369,785705,527974
"65","USA","2021-03-02",65856.429,13354,51984,0.87,1240759,0.055,75782060,49900370,24450614,1578272,15921,61504,0.74,1187015,0.069,64734153,44918755,18640415,1728888,887254,800825,1003839,779562
"66","USA","2021-03-03",64732.714,12892,50965,0.88,1271992,0.054,78301699,51163756,25659157,1659003,15579,62253,0.75,1162559,0.067,66688675,45850449,19625865,1680878,1263386,931694,1208543,985450
"67","USA","2021-03-04",63343.857,12464,49047,0.88,1300326,0.054,81227719,52716898,26971327,1813020,15024,58309,0.77,1161903,0.063,68536582,46685225,20592712,1603240,1553142,834776,1312170,966847
"68","USA","2021-03-05",61714.714,12165,47229,0.89,1317988,0.053,84322603,54402976,28320136,1975215,14492,56739,0.79,1153379,0.06,70496097,47518140,21675417,1515934,1686078,832915,1348809,1082705
"69","USA","2021-03-06",60759.286,11716,45336,0.88,1320418,0.052,86308244,55552960,29120286,2072590,14111,54402,0.82,1147129,0.059,71800113,48124209,22344787,1492432,1149984,606069,800150,669370
"70","USA","2021-03-07",59385.571,11552,44874,0.88,1313251,0.052,87160836,56094644,29407638,2109704,13724,53615,0.84,1149947,0.058,72392911,48383576,22661070,1492674,541684,259367,287352,316283
"71","USA","2021-03-08",57901,11362,43721,0.88,1306782,0.052,89170186,57281658,30177304,2188939,13671,53026,0.85,1184462,0.056,73847614,49013116,23446775,1532856,1187014,629540,769666,785705
"72","USA","2021-03-09",57711.571,11040,42650,0.88,1302229,0.051,91623818,58753769,31117425,2263108,13354,51984,0.87,1240759,0.055,75782060,49900370,24450614,1578272,1472111,887254,940121,1003839
"73","USA","2021-03-10",56428.571,10745,42159,0.88,1309318,0.049,94518541,60501051,32226803,2316692,12892,50965,0.88,1271992,0.054,78301699,51163756,25659157,1659003,1747282,1263386,1109378,1208543
"74","USA","2021-03-11",55643.429,10556,40176,0.88,1300973,0.049,97711513,62466752,33448866,2354828,12464,49047,0.88,1300326,0.054,81227719,52716898,26971327,1813020,1965701,1553142,1222063,1312170
"75","USA","2021-03-12",54931.429,10323,39582,0.88,1294391,0.048,100928022,64477135,34731993,2372203,12165,47229,0.89,1317988,0.053,84322603,54402976,28320136,1975215,2010383,1686078,1283127,1348809
"76","USA","2021-03-13",54123.429,10029,38207,0.88,1293134,0.047,102976528,65828570,35583880,2381183,11716,45336,0.88,1320418,0.052,86308244,55552960,29120286,2072590,1351435,1149984,851887,800150
"77","USA","2021-03-14",53621,9848,37770,0.88,1289781,0.046,103902763,66510029,35924812,2391704,11552,44874,0.88,1313251,0.052,87160836,56094644,29407638,2109704,681459,541684,340932,287352
"78","USA","2021-03-15",55114.714,9790,37687,0.89,1287348,0.045,106057112,67995747,36764025,2412418,11362,43721,0.88,1306782,0.052,89170186,57281658,30177304,2188939,1485718,1187014,839213,769666
"79","USA","2021-03-16",54923.857,9612,37040,0.89,1277071,0.045,108760284,69809860,37834903,2448067,11040,42650,0.88,1302229,0.051,91623818,58753769,31117425,2263108,1814113,1472111,1070878,940121
"80","USA","2021-03-17",55097.571,9456,36666,0.9,1259475,0.045,111881359,71881240,39090246,2480403,10745,42159,0.88,1309318,0.049,94518541,60501051,32226803,2316692,2071380,1747282,1255343,1109378
"81","USA","2021-03-18",54752.429,9242,35915,0.91,1251648,0.044,115317558,74169750,40472439,2515149,10556,40176,0.88,1300973,0.049,97711513,62466752,33448866,2354828,2288510,1965701,1382193,1222063
"82","USA","2021-03-19",54755.571,9120,35648,0.92,1246904,0.044,118736930,76296837,41977980,2544130,10323,39582,0.88,1294391,0.048,100928022,64477135,34731993,2372203,2127087,2010383,1505541,1283127
"83","USA","2021-03-20",55246.286,8907,34984,0.93,1240963,0.044,120930292,77694839,42988153,2564823,10029,38207,0.88,1293134,0.047,102976528,65828570,35583880,2381183,1398002,1351435,1010173,851887
"84","USA","2021-03-21",54661.143,8775,34413,0.95,1236526,0.043,121915458,78347101,43413115,2573242,9848,37770,0.88,1289781,0.046,103902763,66510029,35924812,2391704,652262,681459,424962,340932
"85","USA","2021-03-22",53929.714,8787,34701,0.96,1232521,0.045,124194020,79849656,44272887,2590987,9790,37687,0.89,1287348,0.045,106057112,67995747,36764025,2412418,1502555,1485718,859772,839213
"86","USA","2021-03-23",53798.429,8736,34577,0.96,1226682,0.045,127075466,81784765,45307424,2616455,9612,37040,0.89,1277071,0.045,108760284,69809860,37834903,2448067,1935109,1814113,1034537,1070878
"87","USA","2021-03-24",57712.286,8682,34595,0.96,1226895,0.045,130236709,83920099,46418990,2622193,9456,36666,0.9,1259475,0.045,111881359,71881240,39090246,2480403,2135334,2071380,1111566,1255343
"88","USA","2021-03-25",58785.857,8521,34104,0.97,1223308,0.045,133643082,86227754,47609845,2617932,9242,35915,0.91,1251648,0.044,115317558,74169750,40472439,2515149,2307655,2288510,1190855,1382193
"89","USA","2021-03-26",60998,8422,34035,0.98,1215367,0.045,136974798,88452904,48810089,2605410,9120,35648,0.92,1246904,0.044,118736930,76296837,41977980,2544130,2225150,2127087,1200244,1505541
"90","USA","2021-03-27",62028.571,8241,33214,1,1210185,0.046,139129046,89872776,49659342,2599822,8907,34984,0.93,1240963,0.044,120930292,77694839,42988153,2564823,1419872,1398002,849253,1010173
"91","USA","2021-03-28",63319.571,8127,33283,1.01,1215102,0.045,140149773,90561366,50026041,2604902,8775,34413,0.95,1236526,0.043,121915458,78347101,43413115,2573242,688590,652262,366699,424962
"92","USA","2021-03-29",65923.286,8347,33742,1.03,1218700,0.044,142508178,92174118,50814889,2616308,8787,34701,0.96,1232521,0.045,124194020,79849656,44272887,2590987,1612752,1502555,788848,859772
"93","USA","2021-03-30",67041.286,8379,33996,1.06,1223044,0.044,145565263,94167309,51943614,2641400,8736,34577,0.96,1226682,0.045,127075466,81784765,45307424,2616455,1993191,1935109,1128725,1034537
"94","USA","2021-03-31",64193.571,8489,34368,1.09,1228727,0.047,149113413,96386666,53339670,2696672,8682,34595,0.96,1226895,0.045,130236709,83920099,46418990,2622193,2219357,2135334,1396056,1111566
"95","USA","2021-04-01",65809,8338,34362,1.09,1224719,0.048,152938987,98666081,54955003,2756558,8521,34104,0.97,1223308,0.045,133643082,86227754,47609845,2617932,2279415,2307655,1615333,1190855
"96","USA","2021-04-02",64872.571,8329,34634,1.09,1228950,0.05,156761217,100788109,56722049,2826631,8422,34035,0.98,1215367,0.045,136974798,88452904,48810089,2605410,2122028,2225150,1767046,1200244
"97","USA","2021-04-03",64904.571,8201,33946,1.08,1230249,0.05,159224811,102168246,57865867,2870824,8241,33214,1,1210185,0.046,139129046,89872776,49659342,2599822,1380137,1419872,1143818,849253
"98","USA","2021-04-04",63823.143,8359,34464,1.08,1231570,0.051,160431786,102846141,58406381,2897430,8127,33283,1.01,1215102,0.045,140149773,90561366,50026041,2604902,677895,688590,540514,366699
"99","USA","2021-04-05",64726.857,8439,35027,1.07,1236235,0.053,163261832,104464845,59656807,2964808,8347,33742,1.03,1218700,0.044,142508178,92174118,50814889,2616308,1618704,1612752,1250426,788848
"100","USA","2021-04-06",64683.429,8572,35418,1.06,1236379,0.054,166844429,106489814,61286696,3039881,8379,33996,1.06,1223044,0.044,145565263,94167309,51943614,2641400,2024969,1993191,1629889,1128725
"101","USA","2021-04-07",65849.143,8502,35568,1.04,1225243,0.052,171000292,108907622,63196539,3126697,8489,34368,1.09,1228727,0.047,149113413,96386666,53339670,2696672,2417808,2219357,1909843,1396056
"102","USA","2021-04-08",65984.143,8470,35571,1.05,1224535,0.054,175510356,111431530,65393160,3224481,8338,34362,1.09,1224719,0.048,152938987,98666081,54955003,2756558,2523908,2279415,2196621,1615333
"103","USA","2021-04-09",67882.286,8466,35607,1.04,1220207,0.053,179153953,113498085,67177140,3198962,8329,34634,1.09,1228950,0.05,156761217,100788109,56722049,2826631,2066555,2122028,1783980,1767046
"104","USA","2021-04-10",68541,8541,35195,1.04,1216068,0.053,181451078,114826793,68321946,3175181,8201,33946,1.08,1230249,0.05,159224811,102168246,57865867,2870824,1328708,1380137,1144806,1143818
"105","USA","2021-04-11",69970.571,8606,35675,1.04,1207587,0.053,182210453,115263621,68689047,3111238,8359,34464,1.08,1231570,0.051,160431786,102846141,58406381,2897430,436828,677895,367101,540514
"106","USA","2021-04-12",69058.143,8849,36624,1.05,1198918,0.054,185301204,117002418,70262878,3148482,8439,35027,1.07,1236235,0.053,163261832,104464845,59656807,2964808,1738797,1618704,1573831,1250426
"107","USA","2021-04-13",71507.714,9012,37551,1.05,1201615,0.054,189269453,119298613,72312315,3203575,8572,35418,1.06,1236379,0.054,166844429,106489814,61286696,3039881,2296195,2024969,2049437,1629889
"108","USA","2021-04-14",71596.714,9024,37752,1.06,1213720,0.054,193616161,121868902,74588456,3230838,8502,35568,1.04,1225243,0.052,171000292,108907622,63196539,3126697,2570289,2417808,2276141,1909843
"109","USA","2021-04-15",70719.571,9194,37953,1.06,1224017,0.054,198102161,124443117,77066919,3227401,8470,35571,1.05,1224535,0.054,175510356,111431530,65393160,3224481,2574215,2523908,2478463,2196621
"110","USA","2021-04-16",70157.571,9145,37856,1.06,1239085,0.055,202404421,126889795,79464208,3321495,8466,35607,1.04,1220207,0.053,179153953,113498085,67177140,3198962,2446678,2066555,2397289,1783980
"111","USA","2021-04-17",67968.143,9130,37546,1.05,1244828,0.055,205278096,128616192,81096895,3403860,8541,35195,1.04,1216068,0.053,181451078,114826793,68321946,3175181,1726397,1328708,1632687,1144806
"112","USA","2021-04-18",67470.714,9245,38089,1.05,1256305,0.056,206677423,129454340,81888268,3495281,8606,35675,1.04,1207587,0.053,182210453,115263621,68689047,3111238,838148,436828,791373,367101
"113","USA","2021-04-19",67311.429,9452,38927,1.03,1271366,0.054,209678804,131091328,83583431,3482514,8849,36624,1.05,1198918,0.054,185301204,117002418,70262878,3148482,1636988,1738797,1695163,1573831
"114","USA","2021-04-20",64840.286,9536,39201,1.03,1279739,0.056,213141752,132843344,85270924,3410328,9012,37551,1.05,1201615,0.054,189269453,119298613,72312315,3203575,1752016,2296195,1687493,2049437
"115","USA","2021-04-21",63150.429,9583,39474,1.01,1280604,0.056,216820151,134591574,87163381,3314856,9024,37752,1.06,1213720,0.054,193616161,121868902,74588456,3230838,1748230,2570289,1892457,2276141
"116","USA","2021-04-22",62081.714,9476,39188,0.98,1275786,0.055,220548923,136358582,89082963,3206680,9194,37953,1.06,1224017,0.054,198102161,124443117,77066919,3227401,1767008,2574215,1919582,2478463
"117","USA","2021-04-23",59510.143,9530,39406,0.97,1276216,0.055,224135612,138005138,90982073,3104456,9145,37856,1.06,1239085,0.055,202404421,126889795,79464208,3321495,1646556,2446678,1899110,2397289
"118","USA","2021-04-24",59574.286,9551,39012,0.95,1275739,0.053,226488588,139175850,92143560,3030070,9130,37546,1.05,1244828,0.055,205278096,128616192,81096895,3403860,1170712,1726397,1161487,1632687
"119","USA","2021-04-25",58296.857,9632,39460,0.95,1271113,0.053,227611585,139716959,92714249,2990595,9245,38089,1.05,1256305,0.056,206677423,129454340,81888268,3495281,541109,838148,570689,791373
"120","USA","2021-04-26",55342.571,9828,40212,0.94,1265925,0.053,230173252,140808415,94152489,2927778,9452,38927,1.03,1271366,0.054,209678804,131091328,83583431,3482514,1091456,1636988,1438240,1695163
"121","USA","2021-04-27",53870.143,9918,40206,0.92,1259739,0.051,233406127,142196395,95959242,2894911,9536,39201,1.03,1279739,0.056,213141752,132843344,85270924,3410328,1387980,1752016,1806753,1687493
"122","USA","2021-04-28",52649,9917,40051,0.91,1256781,0.05,236862539,143594517,97977960,2863198,9583,39474,1.01,1280604,0.056,216820151,134591574,87163381,3314856,1398122,1748230,2018718,1892457
"123","USA","2021-04-29",51505.286,9842,39201,0.89,1258534,0.049,240336072,145007906,99998675,2826736,9476,39188,0.98,1275786,0.055,220548923,136358582,89082963,3206680,1413389,1767008,2020715,1919582
"124","USA","2021-04-30",50908,9705,38562,0.89,1252134,0.048,243617184,146380465,101867634,2783082,9530,39406,0.97,1276216,0.055,224135612,138005138,90982073,3104456,1372559,1646556,1868959,1899110
"125","USA","2021-05-01",49826.857,9572,37357,0.88,1250185,0.048,245815447,147391899,103037996,2760980,9551,39012,0.95,1275739,0.053,226488588,139175850,92143560,3030070,1011434,1170712,1170362,1161487
"126","USA","2021-05-02",49270,9546,37133,0.88,1246954,0.047,246806116,147887685,103526565,2742076,9632,39460,0.95,1271113,0.053,227611585,139716959,92714249,2990595,495786,541109,488569,570689
"127","USA","2021-05-03",49707,9759,37540,0.87,1243920,0.044,249178830,148833515,104931749,2715083,9828,40212,0.94,1265925,0.053,230173252,140808415,94152489,2927778,945830,1091456,1405184,1438240
"128","USA","2021-05-04",48226.286,9665,37207,0.87,1244507,0.043,252048499,149949406,106694655,2663196,9918,40206,0.92,1259739,0.051,233406127,142196395,95959242,2894911,1115891,1387980,1762906,1806753
"129","USA","2021-05-05",46792.857,9537,36886,0.87,1233844,0.043,255115109,151109439,108632447,2607510,9917,40051,0.91,1256781,0.05,236862539,143594517,97977960,2863198,1160033,1398122,1937792,2018718
"130","USA","2021-05-06",45262.143,9371,35988,0.87,1222864,0.042,258139384,152228396,110580450,2543330,9842,39201,0.89,1258534,0.049,240336072,145007906,99998675,2826736,1118957,1413389,1948003,2020715
"131","USA","2021-05-07",43766.143,9242,35364,0.87,1209236,0.042,261026032,153343065,112398440,2486978,9705,38562,0.89,1252134,0.048,243617184,146380465,101867634,2783082,1114669,1372559,1817990,1868959
"132","USA","2021-05-08",42053.857,9105,34005,0.88,1196363,0.042,262843012,154048379,113540751,2432509,9572,37357,0.88,1250185,0.048,245815447,147391899,103037996,2760980,705314,1011434,1142311,1170362
"133","USA","2021-05-09",40928.286,9075,33764,0.87,1186690,0.042,263715343,154375681,114116083,2415604,9546,37133,0.88,1246954,0.047,246806116,147887685,103526565,2742076,327302,495786,575332,488569
"134","USA","2021-05-10",38966.714,9209,33964,0.86,1172149,0.042,265672336,155020886,115500103,2356215,9759,37540,0.87,1243920,0.044,249178830,148833515,104931749,2715083,645205,945830,1384020,1405184
"135","USA","2021-05-11",38039.286,9180,33755,0.84,1150490,0.042,268169837,155847816,117234564,2303048,9665,37207,0.87,1244507,0.043,252048499,149949406,106694655,2663196,826930,1115891,1734461,1762906
"136","USA","2021-05-12",36709.143,8954,33349,0.83,1143438,0.041,270697739,156667796,119008833,2226090,9537,36886,0.87,1233844,0.043,255115109,151109439,108632447,2607510,819980,1160033,1774269,1937792
"137","USA","2021-05-13",35446.714,8833,32505,0.83,1127731,0.04,273195729,157452812,120785866,2150906,9371,35988,0.87,1222864,0.042,258139384,152228396,110580450,2543330,785016,1118957,1777033,1948003
"138","USA","2021-05-14",34588.286,8646,31832,0.82,1108023,0.039,275678026,158251741,122530444,2093142,9242,35364,0.87,1209236,0.042,261026032,153343065,112398440,2486978,798929,1114669,1744578,1817990
"139","USA","2021-05-15",33888,8468,30635,0.82,1100628,0.038,277202479,158762845,123600056,2051352,9105,34005,0.88,1196363,0.042,262843012,154048379,113540751,2432509,511104,705314,1069612,1142311
"140","USA","2021-05-16",33224.143,8359,30154,0.82,1095245,0.037,277814180,158970607,124030182,2014120,9075,33764,0.87,1186690,0.042,263715343,154375681,114116083,2415604,207762,327302,430126,575332
"141","USA","2021-05-17",32160.286,8341,29987,0.81,1089945,0.036,279403609,159462895,125174674,1961610,9209,33964,0.86,1172149,0.042,265672336,155020886,115500103,2356215,492288,645205,1144492,1384020
"142","USA","2021-05-18",31277.857,8298,29482,0.81,1077639,0.035,281434766,160129141,126594608,1894990,9180,33755,0.84,1150490,0.042,268169837,155847816,117234564,2303048,666246,826930,1419934,1734461
"143","USA","2021-05-19",30328.714,8115,29116,0.81,1051172,0.035,283437936,160781915,128005419,1820028,8954,33349,0.83,1143438,0.041,270697739,156667796,119008833,2226090,652774,819980,1410811,1774269
"144","USA","2021-05-20",29076.429,7917,28174,0.81,1034774,0.034,285700396,161717790,129383326,1786381,8833,32505,0.83,1127731,0.04,273195729,157452812,120785866,2150906,935875,785016,1377907,1777033
"145","USA","2021-05-21",27155.429,7628,27422,0.81,1021664,0.034,288137997,162815611,130789037,1779996,8646,31832,0.82,1108023,0.039,275678026,158251741,122530444,2093142,1097821,798929,1405711,1744578
"146","USA","2021-05-22",25882.714,7409,26184,0.81,1012417,0.033,289973248,163727214,131762820,1824396,8468,30635,0.82,1100628,0.038,277202479,158762845,123600056,2051352,911603,511104,973783,1069612
"147","USA","2021-05-23",25323.143,7270,25646,0.8,1008025,0.033,290901002,164206750,132240739,1869546,8359,30154,0.82,1095245,0.037,277814180,158970607,124030182,2014120,479536,207762,477919,430126
"148","USA","2021-05-24",24840.857,7299,25563,0.79,999246,0.032,292711605,165099521,133228836,1901142,8341,29987,0.81,1089945,0.036,279403609,159462895,125174674,1961610,892771,492288,988097,1144492
"149","USA","2021-05-25",24155.143,7163,25023,0.78,981879,0.032,294772301,166095054,134368498,1905362,8298,29482,0.81,1077639,0.035,281434766,160129141,126594608,1894990,995533,666246,1139662,1419934
"150","USA","2021-05-26",23452.857,7059,24929,0.77,958351,0.032,296847292,167084419,135525675,1915622,8115,29116,0.81,1051172,0.035,283437936,160781915,128005419,1820028,989365,652774,1157177,1410811
"151","USA","2021-05-27",23047,6841,23954,0.77,931762,0.031,298851228,168009898,136674906,1878690,7917,28174,0.81,1034774,0.034,285700396,161717790,129383326,1786381,925479,935875,1149231,1377907
"152","USA","2021-05-28",22128.429,6664,23397,0.77,917411,0.03,300895151,168947220,137848802,1822451,7628,27422,0.81,1021664,0.034,288137997,162815611,130789037,1779996,937322,1097821,1173896,1405711
"153","USA","2021-05-29",20990.286,6472,22643,0.78,906270,0.029,302333879,169679868,138604191,1765804,7409,26184,0.81,1012417,0.033,289973248,163727214,131762820,1824396,732648,911603,755389,973783
"154","USA","2021-05-30",20076.857,6412,22445,0.79,899813,0.028,302987901,170019915,138943937,1726700,7270,25646,0.8,1008025,0.033,290901002,164206750,132240739,1869546,340047,479536,339746,477919
"155","USA","2021-05-31",17348.857,6419,22431,0.79,887593,0.028,304297048,170655389,139677561,1655063,7299,25563,0.79,999246,0.032,292711605,165099521,133228836,1901142,635474,892771,733624,988097
"156","USA","2021-06-01",17275.714,6311,22087,0.78,867552,0.028,305722657,171323762,140496571,1564337,7163,25023,0.78,981879,0.032,294772301,166095054,134368498,1905362,668373,995533,819010,1139662
"157","USA","2021-06-02",16214.286,6140,21603,0.76,848969,0.028,307143295,171984769,141313002,1470858,7059,24929,0.77,958351,0.032,296847292,167084419,135525675,1915622,661007,989365,816431,1157177
"158","USA","2021-06-03",15051.714,6000,21056,0.75,837418,0.028,308476748,172601076,142087109,1375074,6841,23954,0.77,931762,0.031,298851228,168009898,136674906,1878690,616307,925479,774107,1149231
"159","USA","2021-06-04",14362,5778,20398,0.72,816491,0.027,309791169,173206676,142852265,1270860,6664,23397,0.77,917411,0.03,300895151,168947220,137848802,1822451,605600,937322,765156,1173896
"160","USA","2021-06-05",14628,5606,19474,0.71,797859,0.026,310549467,173587990,143263468,1173655,6472,22643,0.78,906270,0.029,302333879,169679868,138604191,1765804,381314,732648,411203,755389
"161","USA","2021-06-06",14450.286,5525,19062,0.71,790892,0.025,310929784,173789282,143462977,1134555,6412,22445,0.79,899813,0.028,302987901,170019915,138943937,1726700,201292,340047,199509,339746
"162","USA","2021-06-07",15766.286,5542,18678,0.72,734370,0.024,311127180,173877597,143581353,975733,6419,22431,0.79,887593,0.028,304297048,170655389,139677561,1655063,88315,635474,118376,733624
"163","USA","2021-06-08",14439.571,5491,18657,0.75,682139,0.025,312371571,174402525,144342847,949845,6311,22087,0.78,867552,0.028,305722657,171323762,140496571,1564337,524928,668373,761494,819010
"164","USA","2021-06-09",14721.286,5322,18087,0.76,690749,0.023,313477104,174897837,145005562,904830,6140,21603,0.76,848969,0.028,307143295,171984769,141313002,1470858,495312,661007,662715,816431
"165","USA","2021-06-10",14038.571,5175,17634,0.77,699468,0.022,314711614,175364121,145822639,890695,6000,21056,0.75,837418,0.028,308476748,172601076,142087109,1375074,466284,616307,817077,774107
"166","USA","2021-06-11",15156.429,4995,16970,0.78,703976,0.02,316098862,175869212,146753199,901099,5778,20398,0.72,816491,0.027,309791169,173206676,142852265,1270860,505091,605600,930560,765156
"167","USA","2021-06-12",14349.714,4768,16298,0.81,709298,0.021,317157670,176224486,147486042,944029,5606,19474,0.71,797859,0.026,310549467,173587990,143263468,1173655,355274,381314,732843,411203
"168","USA","2021-06-13",14284.571,4677,15987,0.83,710545,0.02,317666823,176397295,147838474,962434,5525,19062,0.71,790892,0.025,310929784,173789282,143462977,1134555,172809,201292,352432,199509
"169","USA","2021-06-14",13883.143,4685,15742,0.85,757345,0.021,318724521,176770883,148559314,1085334,5542,18678,0.72,734370,0.024,311127180,173877597,143581353,975733,373588,88315,720840,118376
"170","USA","2021-06-15",13598.143,4608,15630,0.85,782669,0.018,319887419,177176842,149357134,1073693,5491,18657,0.75,682139,0.025,312371571,174402525,144342847,949845,405959,524928,797820,761494
"171","USA","2021-06-16",12692,4479,15266,0.86,747980,0.02,321041517,177570735,150158757,1080630,5322,18087,0.76,690749,0.023,313477104,174897837,145005562,904830,393893,495312,801623,662715
"172","USA","2021-06-17",12148.857,4383,14838,0.86,718846,0.02,322198721,177977906,150950927,1069587,5175,17634,0.77,699468,0.022,314711614,175364121,145822639,890695,407171,466284,792170,817077
"173","USA","2021-06-18",11655.143,4300,14421,0.87,703766,0.022,323418622,178407725,151782467,1045680,4995,16970,0.78,703976,0.02,316098862,175869212,146753199,901099,429819,505091,831540,930560
"174","USA","2021-06-19",11616.286,4186,13940,0.86,695401,0.021,324304010,178689923,152410040,1020906,4768,16298,0.81,709298,0.021,317157670,176224486,147486042,944029,282198,355274,627573,732843
"175","USA","2021-06-20",11507.714,4049,13957,0.85,692390,0.021,324692067,178803599,152699367,1003606,4677,15987,0.83,710545,0.02,317666823,176397295,147838474,962434,113676,172809,289327,352432
"176","USA","2021-06-21",11419.143,4068,13929,0.85,686390,0.02,325593822,179136135,153302555,981329,4685,15742,0.85,757345,0.021,318724521,176770883,148559314,1085334,332536,373588,603188,720840
"177","USA","2021-06-22",11401,3939,13722,0.84,679083,0.02,326561520,179498294,153945729,953443,4608,15630,0.85,782669,0.018,319887419,177176842,149357134,1073693,362159,405959,643174,797820
"178","USA","2021-06-23",11468.571,3880,13496,0.84,668376,0.019,327496308,179857755,154560817,922113,4479,15266,0.86,747980,0.02,321041517,177570735,150158757,1080630,359461,393893,615088,801623
"179","USA","2021-06-24",11920.429,3806,13094,0.85,659906,0.018,328379623,180209616,155134778,882986,4383,14838,0.86,718846,0.02,322198721,177977906,150950927,1069587,351861,407171,573961,792170
"180","USA","2021-06-25",12346.857,3739,12855,0.88,649842,0.018,329290988,180579191,155714924,838909,4300,14421,0.87,703766,0.022,323418622,178407725,151782467,1045680,369575,429819,580146,831540
"181","USA","2021-06-26",12380.286,3673,12483,0.91,641128,0.018,329860755,180810917,156076037,793821,4186,13940,0.86,695401,0.021,324304010,178689923,152410040,1020906,231726,282198,361113,627573
"182","USA","2021-06-27",12351.714,3663,12503,0.93,639146,0.018,330133827,180922849,156247681,777394,4049,13957,0.85,692390,0.021,324692067,178803599,152699367,1003606,111932,113676,171644,289327
"183","USA","2021-06-28",12767.286,3708,12593,0.94,634735,0.018,330687494,181224177,156531243,727667,4068,13929,0.85,686390,0.02,325593822,179136135,153302555,981329,301328,332536,283562,603188
"184","USA","2021-06-29",12195.286,3744,12539,0.96,627349,0.018,331435332,181549194,156987460,696259,3939,13722,0.84,679083,0.02,326561520,179498294,153945729,953443,325017,362159,456217,643174
"185","USA","2021-06-30",12657.571,3700,12612,0.98,623430,0.018,332163610,181880429,157416574,666757,3880,13496,0.84,668376,0.019,327496308,179857755,154560817,922113,331235,359461,429114,615088
"186","USA","2021-07-01",12768.429,3636,12397,1,618979,0.019,332856385,182200428,157822342,639537,3806,13094,0.85,659906,0.018,328379623,180209616,155134778,882986,319999,351861,405768,573961
"187","USA","2021-07-02",13493.286,3617,12408,1.02,616113,0.02,333614959,182552219,158259518,617710,3739,12855,0.88,649842,0.018,329290988,180579191,155714924,838909,351791,369575,437176,580146
"188","USA","2021-07-03",12921.143,3562,12238,1.04,615509,0.02,334109025,182777990,158547016,606896,3673,12483,0.91,641128,0.018,329860755,180810917,156076037,793821,225771,231726,287498,361113
"189","USA","2021-07-04",12850.571,3525,12233,1.04,616247,0.02,334373392,182905065,158693478,605652,3663,12503,0.93,639146,0.018,330133827,180922849,156247681,777394,127075,111932,146462,171644
"190","USA","2021-07-05",12022.429,3617,12510,1.04,613607,0.021,334920502,183180909,158989498,604715,3708,12593,0.94,634735,0.018,330687494,181224177,156531243,727667,275844,301328,296020,283562
"191","USA","2021-07-06",14403.857,3676,12662,1.04,601431,0.02,335542140,183479228,159337329,586687,3744,12539,0.96,627349,0.018,331435332,181549194,156987460,696259,298319,325017,347831,456217
"192","USA","2021-07-07",15302.286,3673,12879,1.08,588835,0.021,336166520,183787441,159679325,571844,3700,12612,0.98,623430,0.018,332163610,181880429,157416574,666757,308213,331235,341996,429114
"193","USA","2021-07-08",15957.571,3614,12863,1.11,581123,0.022,336758692,184077656,160002425,557472,3636,12397,1,618979,0.019,332856385,182200428,157822342,639537,290215,319999,323100,405768
"194","USA","2021-07-09",18541.571,4027,13234,1.13,570522,0.024,337371977,184383792,160333903,536717,3617,12408,1.02,616113,0.02,333614959,182552219,158259518,617710,306136,351791,331478,437176
"195","USA","2021-07-10",19069.286,3753,12916,1.15,563864,0.023,337723723,184563250,160517718,516385,3562,12238,1.04,615509,0.02,334109025,182777990,158547016,606896,179458,225771,183815,287498
"196","USA","2021-07-11",20114.286,3777,13121,1.18,552594,0.023,337773137,184590706,160544105,485678,3525,12233,1.04,616247,0.02,334373392,182905065,158693478,605652,27456,127075,26387,146462
"197","USA","2021-07-12",23675.143,3883,13433,1.23,517459,0.023,338164662,184791490,160746684,463451,3617,12510,1.04,613607,0.021,334920502,183180909,158989498,604715,200784,275844,202579,296020
"198","USA","2021-07-13",24092.857,3980,13974,1.34,502168,0.029,338741657,185066067,161072716,457074,3676,12662,1.04,601431,0.02,335542140,183479228,159337329,586687,274577,298319,326032,347831
"199","USA","2021-07-14",25596.429,4132,14665,1.39,516589,0.03,339304713,185348045,161379907,448313,3673,12879,1.08,588835,0.021,336166520,183787441,159679325,571844,281978,308213,307191,341996
"200","USA","2021-07-15",27115.429,4297,15074,1.42,528346,0.03,339863818,185636810,161678626,443589,3614,12863,1.11,581123,0.022,336758692,184077656,160002425,557472,288765,290215,298719,323100
"201","USA","2021-07-16",31392.429,4369,15409,1.45,537644,0.034,340489088,185958643,162011133,445302,4027,13234,1.13,570522,0.024,337371977,184383792,160333903,536717,321833,306136,332507,331478
"202","USA","2021-07-17",31881.143,4442,15710,1.45,543362,0.035,340885426,186169677,162212020,451672,3753,12916,1.15,563864,0.023,337723723,184563250,160517718,516385,211034,179458,200887,183815
"203","USA","2021-07-18",33139.714,4637,16396,1.46,554997,0.036,341099358,186285887,162316778,475174,3777,13121,1.18,552594,0.023,337773137,184590706,160544105,485678,116210,27456,104758,26387
"204","USA","2021-07-19",35830.857,4883,17330,1.49,594984,0.04,341612442,186560007,162579095,492540,3883,13433,1.23,517459,0.023,338164662,184791490,160746684,463451,274120,200784,262317,202579
"205","USA","2021-07-20",37851.286,5072,18204,1.48,616007,0.039,342133201,186840737,162839112,484506,3980,13974,1.34,502168,0.029,338741657,185066067,161072716,457074,280730,274577,260017,326032
"206","USA","2021-07-21",40336.571,5255,19085,1.49,613300,0.042,342657224,187123420,163099940,478930,4132,14665,1.39,516589,0.03,339304713,185348045,161379907,448313,282683,281978,260828,307191
"207","USA","2021-07-22",43908.286,5474,19915,1.51,619685,0.044,343191347,187420243,163356369,475361,4297,15074,1.42,528346,0.03,339863818,185636810,161678626,443589,296823,288765,256429,298719
"208","USA","2021-07-23",49882.143,5785,20874,1.52,628170,0.05,343809096,187766616,163646184,474287,4369,15409,1.45,537644,0.034,340489088,185958643,162011133,445302,346373,321833,289815,332507
"209","USA","2021-07-24",51781.857,5994,21595,1.51,633807,0.05,344204696,187989778,163829808,474181,4442,15710,1.45,543362,0.035,340885426,186169677,162212020,451672,223162,211034,183624,200887
"210","USA","2021-07-25",52567.429,6273,22574,1.51,641615,0.052,344436246,188124945,163932075,476698,4637,16396,1.46,554997,0.036,341099358,186285887,162316778,475174,135167,116210,102267,104758
"211","USA","2021-07-26",57489.571,6717,24261,1.51,651697,0.055,344998474,188464081,164173748,483719,4883,17330,1.49,594984,0.04,341612442,186560007,162579095,492540,339136,274120,241673,262317
"212","USA","2021-07-27",61495.143,7115,25700,1.51,674681,0.056,345596452,188835439,164420589,494750,5072,18204,1.48,616007,0.039,342133201,186840737,162839112,484506,371358,280730,246841,260017
"213","USA","2021-07-28",64163.857,7408,27057,1.52,698590,0.058,346219557,189220740,164677535,508905,5255,19085,1.49,613300,0.042,342657224,187123420,163099940,478930,385301,282683,256946,260828
"214","USA","2021-07-29",67706.143,7687,28605,1.53,719652,0.061,346861995,189635692,164924910,524378,5474,19915,1.51,619685,0.044,343191347,187420243,163356369,475361,414952,296823,247375,256429
"215","USA","2021-07-30",77523.857,8097,30295,1.53,741867,0.067,347601448,190121586,165200659,541765,5785,20874,1.52,628170,0.05,343809096,187766616,163646184,474287,485894,346373,275749,289815
"216","USA","2021-07-31",78439.143,8419,31469,1.52,760040,0.068,348060012,190422169,165369380,550759,5994,21595,1.51,633807,0.05,344204696,187989778,163829808,474181,300583,223162,168721,183624
"217","USA","2021-08-01",81050.286,8867,33406,1.5,773542,0.068,348316822,190623130,165430180,554368,6273,22574,1.51,641615,0.052,344436246,188124945,163932075,476698,200961,135167,60800,102267
"218","USA","2021-08-02",85876.143,9448,35748,1.49,791527,0.073,348953294,191067917,165643258,564974,6717,24261,1.51,651697,0.055,344998474,188464081,164173748,483719,444787,339136,213078,241673
"219","USA","2021-08-03",90782,9994,38296,1.48,810659,0.076,349647023,191545875,165884927,578653,7115,25700,1.51,674681,0.056,345596452,188835439,164420589,494750,477958,371358,241669,246841
"220","USA","2021-08-04",94752.286,10378,40482,1.48,835823,0.077,350358519,192033667,166134369,591280,7408,27057,1.52,698590,0.058,346219557,189220740,164677535,508905,487792,385301,249442,256946
"221","USA","2021-08-05",99203.857,10919,42200,1.49,862919,0.078,351069947,192527902,166377477,601136,7687,28605,1.53,719652,0.061,346861995,189635692,164924910,524378,494235,414952,243108,247375
"222","USA","2021-08-06",108817.143,11463,44541,1.49,886713,0.087,351892856,193097272,166658322,613058,8097,30295,1.53,741867,0.067,347601448,190121586,165200659,541765,569370,485894,280845,275749
"223","USA","2021-08-07",111295.571,12109,46428,1.47,902488,0.087,352400514,193440890,166833135,620072,8419,31469,1.52,760040,0.068,348060012,190422169,165369380,550759,343618,300583,174813,168721
"224","USA","2021-08-08",108856.714,12698,48538,1.44,913216,0.089,352714848,193661339,166927636,628289,8867,33406,1.5,773542,0.068,348316822,190623130,165430180,554368,220449,200961,94501,60800
"225","USA","2021-08-09",117505.714,13481,51780,1.41,939063,0.091,353423886,194161991,167157377,638656,9448,35748,1.49,791527,0.073,348953294,191067917,165643258,564974,500652,444787,229741,213078
"226","USA","2021-08-10",120111.571,14052,54470,1.4,971822,0.093,354176613,194695199,167403484,647084,9994,38296,1.48,810659,0.076,349647023,191545875,165884927,578653,533208,477958,246107,241669
"227","USA","2021-08-11",128565.857,14635,56954,1.39,1002687,0.094,354943772,195242015,167651125,655036,10378,40482,1.48,835823,0.077,350358519,192033667,166134369,591280,546816,487792,247641,249442
"228","USA","2021-08-12",133043.571,15193,59586,1.39,1041108,0.095,355725460,195796109,167908017,665073,10919,42200,1.49,862919,0.078,351069947,192527902,166377477,601136,554094,494235,256892,243108
"229","USA","2021-08-13",129424.714,15732,62121,1.4,1081541,0.101,356620611,196416064,168210212,675394,11463,44541,1.49,886713,0.087,351892856,193097272,166658322,613058,619955,569370,302195,280845
"230","USA","2021-08-14",129449.857,16164,63544,1.36,1115170,0.1,357171752,196795095,168394513,681605,12109,46428,1.47,902488,0.087,352400514,193440890,166833135,620072,379031,343618,184301,174813
"231","USA","2021-08-15",131622.857,16784,66369,1.33,1136253,0.096,357516585,197030204,168508680,685962,12698,48538,1.44,913216,0.089,352714848,193661339,166927636,628289,235109,220449,114167,94501
"232","USA","2021-08-16",137175.571,17707,69838,1.31,1159729,0.101,358288770,197546214,168787703,694983,13481,51780,1.41,939063,0.091,353423886,194161991,167157377,638656,516010,500652,279023,229741
"233","USA","2021-08-17",141634.143,18264,72521,1.29,1183401,0.101,359077516,198071643,169074331,700129,14052,54470,1.4,971822,0.093,354176613,194695199,167403484,647084,525429,533208,286628,246107
"234","USA","2021-08-18",142007.714,19016,74850,1.27,1212955,0.106,359835570,198565721,169362273,698828,14635,56954,1.39,1002687,0.094,354943772,195242015,167651125,655036,494078,546816,287942,247641
"235","USA","2021-08-19",144160,19537,76968,1.24,1234268,0.108,360628084,199075188,169667712,700375,15193,59586,1.39,1041108,0.095,355725460,195796109,167908017,665073,509467,554094,305439,256892
"236","USA","2021-08-20",146421.714,20076,78580,1.21,1261700,0.103,361562993,199651165,170047072,706055,15732,62121,1.4,1081541,0.101,356620611,196416064,168210212,675394,575977,619955,379360,302195
"237","USA","2021-08-21",148853.429,20401,79622,1.21,1279853,0.101,362179524,200011996,170283388,715396,16164,63544,1.36,1115170,0.1,357171752,196795095,168394513,681605,360831,379031,236316,184301
"238","USA","2021-08-22",148024.857,21077,81624,1.21,1291086,0.102,362572525,200222727,170440958,722277,16784,66369,1.33,1136253,0.096,357516585,197030204,168508680,685962,210731,235109,157570,114167
"239","USA","2021-08-23",150585.286,21673,84313,1.21,1311851,0.105,363430695,200685953,170786567,734561,17707,69838,1.31,1159729,0.101,358288770,197546214,168787703,694983,463226,516010,345609,279023
"240","USA","2021-08-24",151231.143,22303,86744,1.19,1336687,0.106,364340016,201174723,171141105,751786,18264,72521,1.29,1183401,0.101,359077516,198071643,169074331,700129,488770,525429,354538,286628
"241","USA","2021-08-25",152811.429,22700,88658,1.17,1361033,0.104,365277033,201660415,171509995,777352,19016,74850,1.27,1212955,0.106,359835570,198565721,169362273,698828,485692,494078,368890,287942
"242","USA","2021-08-26",156720.429,23034,89427,1.15,1378592,0.105,366205967,202138777,171881108,796840,19537,76968,1.24,1234268,0.108,360628084,199075188,169667712,700375,478362,509467,371113,305439
"243","USA","2021-08-27",156345.571,23399,90191,1.13,1381051,0.106,367293662,202674785,172345885,818667,20076,78580,1.21,1261700,0.103,361562993,199651165,170047072,706055,536008,575977,464777,379360
"244","USA","2021-08-28",155583,23653,90417,1.14,1387711,0.107,367947872,202994830,172634456,824050,20401,79622,1.21,1279853,0.101,362179524,200011996,170283388,715396,320045,360831,288571,236316
"245","USA","2021-08-29",156462.143,24082,92239,1.13,1394030,0.106,368330680,203177820,172808660,822594,21077,81624,1.21,1291086,0.102,362572525,200222727,170440958,722277,182990,210731,174204,157570
"246","USA","2021-08-30",159597.714,24559,94681,1.13,1400088,0.108,369234957,203617749,173202484,829180,21673,84313,1.21,1311851,0.105,363430695,200685953,170786567,734561,439929,463226,393824,345609
"247","USA","2021-08-31",161617,25053,95990,1.12,1428974,0.106,370168083,204077550,173605130,832581,22303,86744,1.19,1336687,0.106,364340016,201174723,171141105,751786,459801,488770,402646,354538
"248","USA","2021-09-01",166216.286,25071,96009,1.11,1464206,0.104,371116887,204544729,174014809,834265,22700,88658,1.17,1361033,0.104,365277033,201660415,171509995,777352,467179,485692,409679,368890
"249","USA","2021-09-02",164984,25249,96369,1.1,1507220,0.104,372088219,205018356,174434300,840322,23034,89427,1.15,1378592,0.105,366205967,202138777,171881108,796840,473627,478362,419491,371113
"250","USA","2021-09-03",163815.429,25365,96192,1.09,1555294,0.101,373235761,205549468,174956205,848871,23399,90191,1.13,1381051,0.106,367293662,202674785,172345885,818667,531112,536008,521905,464777
"251","USA","2021-09-04",164360.571,25435,95072,1.09,1591626,0.098,373934240,205866815,175286519,855195,23653,90417,1.14,1387711,0.107,367947872,202994830,172634456,824050,317347,320045,330314,288571
"252","USA","2021-09-05",164096.714,25781,96126,1.09,1611103,0.097,374356304,206059356,175485948,860803,24082,92239,1.13,1394030,0.106,368330680,203177820,172808660,822594,192541,182990,199429,174204
"253","USA","2021-09-06",137687.571,25919,97200,1.1,1627349,0.098,375262606,206473802,175903186,861093,24559,94681,1.13,1400088,0.108,369234957,203617749,173202484,829180,414446,439929,417238,393824
"254","USA","2021-09-07",152859.286,25904,97820,1.07,1647627,0.098,376168947,206889543,176310995,857266,25053,95990,1.12,1428974,0.106,370168083,204077550,173605130,832581,415741,459801,407809,402646
"255","USA","2021-09-08",150041.714,25973,98027,1.06,1659510,0.1,377068758,207309596,176704024,850267,25071,96009,1.11,1464206,0.104,371116887,204544729,174014809,834265,420053,467179,393029,409679
"256","USA","2021-09-09",147752.429,26045,97811,1.03,1661104,0.099,377942641,207708778,177091092,836346,25249,96369,1.1,1507220,0.104,372088219,205018356,174434300,840322,399182,473627,387068,419491
"257","USA","2021-09-10",146746.571,25961,96835,1.01,1659219,0.099,378959373,208158799,177564819,817659,25365,96192,1.09,1555294,0.101,373235761,205549468,174956205,848871,450021,531112,473727,521905
"258","USA","2021-09-11",146719.571,25609,95081,0.99,1648627,0.1,379507491,208402690,177833493,796179,25435,95072,1.09,1591626,0.098,373934240,205866815,175286519,855195,243891,317347,268674,330314
"259","USA","2021-09-12",146086.857,25630,95279,0.98,1651102,0.099,379865842,208569443,178001243,787077,25781,96126,1.09,1611103,0.097,374356304,206059356,175485948,860803,166753,192541,167750,199429
"260","USA","2021-09-13",172609,25801,95909,0.96,1564308,0.088,380036592,208650071,178084170,681998,25919,97200,1.1,1627349,0.098,375262606,206473802,175903186,861093,80628,414446,82927,417238
"261","USA","2021-09-14",153737.571,26099,96810,1.04,1485709,0.103,380924765,209001536,178548702,679403,25904,97820,1.07,1647627,0.098,376168947,206889543,176310995,857266,351465,415741,464532,407809
"262","USA","2021-09-15",152168.286,26008,96532,1.04,1486556,0.101,381749469,209365425,178937026,668673,25973,98027,1.06,1659510,0.1,377068758,207309596,176704024,850267,363889,420053,388324,393029
"263","USA","2021-09-16",151466.429,25925,95691,1.02,1500991,0.098,382574611,209734408,179320326,661710,26045,97811,1.03,1661104,0.099,377942641,207708778,177091092,836346,368983,399182,383300,387068
"264","USA","2021-09-17",148650.571,25747,94566,1.02,1528085,0.096,383582968,210179828,179803626,660514,25961,96835,1.01,1659219,0.099,378959373,208158799,177564819,817659,445420,450021,483300,473727
"265","USA","2021-09-18",147580.571,25326,91986,1.01,1552422,0.095,384166393,210436039,180093410,665557,25609,95081,0.99,1648627,0.1,379507491,208402690,177833493,796179,256211,243891,289784,268674
"266","USA","2021-09-19",147651.857,25292,91548,1.02,1550721,0.094,384507758,210591193,180260957,663131,25630,95279,0.98,1651102,0.099,379865842,208569443,178001243,787077,155154,166753,167547,167750
"267","USA","2021-09-20",139221.571,25514,92158,1.02,1643931,0.105,385267981,210924448,180631733,747341,25801,95909,0.96,1564308,0.088,380036592,208650071,178084170,681998,333255,80628,370776,82927
"268","USA","2021-09-21",135872.571,25218,90633,0.98,1711863,0.09,385998988,211237605,180997476,724889,26099,96810,1.04,1485709,0.103,380924765,209001536,178548702,679403,313157,351465,365743,464532
"269","USA","2021-09-22",130380.571,24886,89593,0.97,1723441,0.088,386738005,211546626,181373393,712648,26008,96532,1.04,1486556,0.101,381749469,209365425,178937026,668673,309021,363889,375917,388324
"270","USA","2021-09-23",126278,24734,88266,0.96,1713833,0.088,387477854,211854481,181751734,700463,25925,95691,1.02,1500991,0.098,382574611,209734408,179320326,661710,307855,368983,378341,383300
"271","USA","2021-09-24",121790.571,24435,86796,0.94,1692167,0.088,388356666,212202529,182216246,681957,25747,94566,1.02,1528085,0.096,383582968,210179828,179803626,660514,348048,445420,464512,483300
"272","USA","2021-09-25",120385.857,23978,84389,0.93,1672758,0.088,388864888,212405922,182482621,671214,25326,91986,1.01,1552422,0.095,384166393,210436039,180093410,665557,203393,256211,266375,289784
"273","USA","2021-09-26",121770.143,23779,83510,0.92,1669287,0.088,389161860,212524112,182641710,664872,25292,91548,1.02,1550721,0.094,384507758,210591193,180260957,663131,118190,155154,159089,167547
"274","USA","2021-09-27",117894,23686,83675,0.9,1654483,0.084,389830202,212787744,182980010,651746,25514,92158,1.02,1643931,0.105,385267981,210924448,180631733,747341,263632,333255,338300,370776
"275","USA","2021-09-28",116422,23536,82358,0.89,1659177,0.082,390485924,213047624,183309007,640991,25218,90633,0.98,1711863,0.09,385998988,211237605,180997476,724889,259880,313157,328997,365743
"276","USA","2021-09-29",115020,23136,80895,0.88,1649751,0.079,391132322,213300815,183632172,627760,24886,89593,0.97,1723441,0.088,386738005,211546626,181373393,712648,253191,309021,323165,375917
"277","USA","2021-09-30",112670.714,22585,79263,0.89,1648667,0.076,391787825,213555649,183947715,615710,24734,88266,0.96,1713833,0.088,387477854,211854481,181751734,700463,254834,307855,315543,378341
"278","USA","2021-10-01",109237.429,22185,77408,0.89,1649292,0.074,392742165,213879712,184344531,626500,24435,86796,0.94,1692167,0.088,388356666,212202529,182216246,681957,324063,348048,396816,464512
"279","USA","2021-10-02",108083.714,21727,74828,0.9,1643276,0.073,393395211,214088828,184564262,647189,23978,84389,0.93,1672758,0.088,388864888,212405922,182482621,671214,209116,203393,219731,266375
"280","USA","2021-10-03",107023.857,21543,74182,0.9,1631033,0.073,393790382,214211758,184703390,661217,23779,83510,0.92,1669287,0.088,389161860,212524112,182641710,664872,122930,118190,139128,159089
"281","USA","2021-10-04",105002.571,21256,73886,0.9,1608396,0.073,394779781,214519415,184915632,707083,23686,83675,0.9,1654483,0.084,389830202,212787744,182980010,651746,307657,263632,212242,338300
"282","USA","2021-10-05",102889.429,20882,72525,0.89,1601867,0.072,395866111,214820270,185206357,768598,23536,82358,0.89,1659177,0.082,390485924,213047624,183309007,640991,300855,259880,290725,328997
"283","USA","2021-10-06",101122.571,20406,70735,0.89,1594382,0.072,396954982,215116304,185503775,831809,23136,80895,0.88,1649751,0.079,391132322,213300815,183632172,627760,296034,253191,297418,323165
"284","USA","2021-10-07",99716.143,19802,68931,0.89,1584454,0.071,398062721,215413626,185806211,896414,22585,79263,0.89,1648667,0.076,391787825,213555649,183947715,615710,297322,254834,302436,315543
"285","USA","2021-10-08",95948.286,19272,67137,0.89,1568355,0.07,399282687,215734775,186162359,934360,22185,77408,0.89,1649292,0.074,392742165,213879712,184344531,626500,321149,324063,356148,396816
"286","USA","2021-10-09",94339.571,18942,64847,0.9,1563031,0.069,399887116,215911679,186359754,927415,21727,74828,0.9,1643276,0.073,393395211,214088828,184564262,647189,176904,209116,197395,219731
"287","USA","2021-10-10",93729.429,18770,64394,0.9,1551898,0.069,400238577,216020289,186483819,921171,21543,74182,0.9,1631033,0.073,393790382,214211758,184703390,661217,108610,122930,124065,139128
"288","USA","2021-10-11",86206.571,18668,64470,0.9,1557560,0.067,401175147,216275720,186725812,913624,21256,73886,0.9,1608396,0.073,394779781,214519415,184915632,707083,255431,307657,241993,212242
"289","USA","2021-10-12",87678.286,18255,63485,0.88,1552154,0.066,402142077,216527423,186969360,896567,20882,72525,0.89,1601867,0.072,395866111,214820270,185206357,768598,251703,300855,243548,290725
"290","USA","2021-10-13",89246.286,17893,62320,0.88,1547010,0.065,403117919,216781460,187214289,880420,20406,70735,0.89,1594382,0.072,396954982,215116304,185503775,831809,254037,296034,244929,297418
"291","USA","2021-10-14",87236.857,17482,61138,0.88,1541441,0.065,404068941,217035765,187453847,858031,19802,68931,0.89,1584454,0.071,398062721,215413626,185806211,896414,254305,297322,239558,302436
"292","USA","2021-10-15",84935.143,17027,59566,0.88,1538159,0.062,405151383,217325263,187747971,838385,19272,67137,0.89,1568355,0.07,399282687,215734775,186162359,934360,289498,321149,294124,356148
"293","USA","2021-10-16",85540.286,17622,57949,0.88,1526714,0.062,405664635,217475714,187908215,825360,18942,64847,0.9,1563031,0.069,399887116,215911679,186359754,927415,150451,176904,160244,197395
"294","USA","2021-10-17",84852.857,18131,57505,0.88,1515855,0.062,405964300,217570774,188007687,817960,18770,64394,0.9,1551898,0.069,400238577,216020289,186483819,921171,95060,108610,99472,124065
"295","USA","2021-10-18",84979,18096,57618,0.89,1499441,0.058,406775859,217802369,188217905,800102,18668,64470,0.9,1557560,0.067,401175147,216275720,186725812,913624,231595,255431,210218,241993
"296","USA","2021-10-19",81281.143,17969,56985,0.91,1472683,0.06,407649294,218036830,188438374,786745,18255,63485,0.88,1552154,0.066,402142077,216527423,186969360,896567,234461,251703,220469,243548
"297","USA","2021-10-20",76826.857,17751,55902,0.91,1454480,0.061,408499026,218267698,188653936,768730,17893,62320,0.88,1547010,0.065,403117919,216781460,187214289,880420,230868,254037,215562,244929
"298","USA","2021-10-21",75913.286,17281,54574,0.9,1449637,0.06,409356475,218498074,188868716,755362,17482,61138,0.88,1541441,0.065,404068941,217035765,187453847,858031,230376,254305,214780,239558
"299","USA","2021-10-22",73738.286,17015,53366,0.9,1439062,0.059,410341001,218763687,189130777,741374,17027,59566,0.88,1538159,0.062,405151383,217325263,187747971,838385,265613,289498,262061,294124
"300","USA","2021-10-23",72971.857,16457,51847,0.89,1433097,0.06,410808945,218906730,189267472,734901,17622,57949,0.88,1526714,0.062,405664635,217475714,187908215,825360,143043,150451,136695,160244
"301","USA","2021-10-24",71103.571,16271,51515,0.89,1429176,0.059,411066253,218991783,189347488,728850,18131,57505,0.88,1515855,0.062,405964300,217570774,188007687,817960,85053,95060,80016,99472
"302","USA","2021-10-25",72629,16486,51723,0.89,1437908,0.059,411849787,219218689,189547390,724847,18096,57618,0.89,1499441,0.058,406775859,217802369,188217905,800102,226906,231595,199902,210218
"303","USA","2021-10-26",70874.286,16269,50595,0.89,1445943,0.056,412619667,219424963,189729715,710053,17969,56985,0.91,1472683,0.06,407649294,218036830,188438374,786745,206274,234461,182325,220469
"304","USA","2021-10-27",72301.429,15972,49320,0.89,1448868,0.053,413392185,219629422,189912992,699023,17751,55902,0.91,1454480,0.061,408499026,218267698,188653936,768730,204459,230868,183277,215562
"305","USA","2021-10-28",72008,15609,48415,0.9,1443066,0.053,414184817,219839044,190097878,689763,17281,54574,0.9,1449637,0.06,409356475,218498074,188868716,755362,209622,230376,184886,214780
"306","USA","2021-10-29",71772.143,15395,47459,0.9,1427667,0.052,415466923,220144312,190327710,732275,17015,53366,0.9,1439062,0.059,410341001,218763687,189130777,741374,305268,265613,229832,262061
"307","USA","2021-10-30",72192.857,14962,46402,0.91,1413776,0.052,416251039,220333226,190453661,777442,16457,51847,0.89,1433097,0.06,410808945,218906730,189267472,734901,188914,143043,125951,136695
"308","USA","2021-10-31",74066.286,14720,46118,0.92,1404513,0.052,416699350,220449000,190529069,804728,16271,51515,0.89,1429176,0.059,411066253,218991783,189347488,728850,115774,85053,75408,80016
"309","USA","2021-11-01",73635.571,14913,46378,0.94,1394170,0.051,418123209,220772012,190720350,896203,16486,51723,0.89,1437908,0.059,411849787,219218689,189547390,724847,323012,226906,191281,199902
"310","USA","2021-11-02",74240,14854,45821,0.96,1387089,0.051,419563589,221087505,190907692,991989,16269,50595,0.89,1445943,0.056,412619667,219424963,189729715,710053,315493,206274,187342,182325
"311","USA","2021-11-03",71940.143,14704,45008,0.97,1370414,0.053,421050978,221407741,191098962,1094113,15972,49320,0.89,1448868,0.053,413392185,219629422,189912992,699023,320236,204459,191270,183277
"312","USA","2021-11-04",72529.857,14417,44186,0.97,1331541,0.054,422505882,221716378,191290087,1188724,15609,48415,0.9,1443066,0.053,414184817,219839044,190097878,689763,308637,209622,191125,184886
"313","USA","2021-11-05",73003.857,12441,43474,0.98,1288452,0.056,424114752,222056575,191506700,1235404,15395,47459,0.9,1427667,0.052,415466923,220144312,190327710,732275,340197,305268,216613,229832
"314","USA","2021-11-06",73059.857,12146,42736,0.99,1251201,0.058,424864154,222233808,191615832,1230445,14962,46402,0.91,1413776,0.052,416251039,220333226,190453661,777442,177233,188914,109132,125951
"315","USA","2021-11-07",71967,12094,42482,0.99,1214794,0.06,425263927,222337935,191680027,1223511,14720,46118,0.92,1404513,0.052,416699350,220449000,190529069,804728,104127,115774,64195,75408
